{"experiment_name": "Baseline Random Forest", "parameters": {"n_estimators": 100, "max_depth": null, "class_weight": "balanced"}, "roc_auc": 0.7519235666293057, "classification_report": {"0": {"precision": 0.8495817907582613, "recall": 0.8981011740832004, "f1-score": 0.8731679819616686, "support": 6899.0}, "1": {"precision": 0.5573047858942065, "recall": 0.446518668012109, "f1-score": 0.4957983193277311, "support": 1982.0}, "accuracy": 0.7973201216079271, "macro avg": {"precision": 0.7034432883262339, "recall": 0.6723099210476547, "f1-score": 0.6844831506446998, "support": 8881.0}, "weighted avg": {"precision": 0.7843534354333479, "recall": 0.7973201216079271, "f1-score": 0.7889492372999791, "support": 8881.0}}, "best_threshold": 0.335}
{"experiment_name": "RF with Limited Depth", "parameters": {"n_estimators": 200, "max_depth": 10, "class_weight": "balanced"}, "roc_auc": 0.7674594250120925, "classification_report": {"0": {"precision": 0.8633594429939078, "recall": 0.8627337295260182, "f1-score": 0.8630464728485464, "support": 6899.0}, "1": {"precision": 0.5234021137393055, "recall": 0.5247225025227044, "f1-score": 0.5240614764424288, "support": 1982.0}, "accuracy": 0.7872987276207635, "macro avg": {"precision": 0.6933807783666066, "recall": 0.6937281160243614, "f1-score": 0.6935539746454876, "support": 8881.0}, "weighted avg": {"precision": 0.7874901234822963, "recall": 0.7872987276207635, "f1-score": 0.7873941518399972, "support": 8881.0}}, "best_threshold": 0.5328648850780107}
{"experiment_name": "RF with Stricter Branching", "parameters": {"n_estimators": 200, "max_depth": null, "min_samples_split": 5}, "roc_auc": 0.7584346961470454, "classification_report": {"0": {"precision": 0.8517705188031842, "recall": 0.8995506595158719, "f1-score": 0.8750088121254846, "support": 6899.0}, "1": {"precision": 0.5655172413793104, "recall": 0.45509586276488395, "f1-score": 0.5043332401453732, "support": 1982.0}, "accuracy": 0.8003603197838082, "macro avg": {"precision": 0.7086438800912473, "recall": 0.6773232611403779, "f1-score": 0.6896710261354289, "support": 8881.0}, "weighted avg": {"precision": 0.7878864972004235, "recall": 0.8003603197838082, "f1-score": 0.7922840081997352, "support": 8881.0}}, "best_threshold": 0.42295238095238097}
{"experiment_name": "RF with Custom Weights", "parameters": {"n_estimators": 300, "max_depth": 20, "class_weight": {"0": 1, "1": 3}}, "roc_auc": 0.7439990791160158, "classification_report": {"0": {"precision": 0.860261337432744, "recall": 0.8111320481229164, "f1-score": 0.8349746344374813, "support": 6899.0}, "1": {"precision": 0.4515993265993266, "recall": 0.541372351160444, "f1-score": 0.4924277191372189, "support": 1982.0}, "accuracy": 0.7509289494426303, "macro avg": {"precision": 0.6559303320160353, "recall": 0.6762521996416802, "f1-score": 0.6637011767873501, "support": 8881.0}, "weighted avg": {"precision": 0.7690589834780279, "recall": 0.7509289494426303, "f1-score": 0.75852738906814, "support": 8881.0}}, "best_threshold": 0.5275015424124976}
{"experiment_name": "RF with Feature Subset Selection", "parameters": {"n_estimators": 500, "max_features": "sqrt", "class_weight": "balanced"}, "roc_auc": 0.7566660240760846, "classification_report": {"0": {"precision": 0.8508241758241758, "recall": 0.8978112769966662, "f1-score": 0.8736864376895409, "support": 6899.0}, "1": {"precision": 0.5596502186133666, "recall": 0.4520686175580222, "f1-score": 0.5001395478649177, "support": 1982.0}, "accuracy": 0.7983335209998874, "macro avg": {"precision": 0.7052371972187712, "recall": 0.6749399472773442, "f1-score": 0.6869129927772293, "support": 8881.0}, "weighted avg": {"precision": 0.7858419910260873, "recall": 0.7983335209998874, "f1-score": 0.7903208329566951, "support": 8881.0}}, "best_threshold": 0.412}
