{"experiment_name": "RF with Limited Depth (Optimized Threshold)", "parameters": {"n_estimators": 200, "max_depth": 10, "class_weight": "balanced"}, "roc_auc": 0.7674594250120925, "classification_report": {"0": {"precision": 0.8633594429939078, "recall": 0.8627337295260182, "f1-score": 0.8630464728485464, "support": 6899.0}, "1": {"precision": 0.5234021137393055, "recall": 0.5247225025227044, "f1-score": 0.5240614764424288, "support": 1982.0}, "accuracy": 0.7872987276207635, "macro avg": {"precision": 0.6933807783666066, "recall": 0.6937281160243614, "f1-score": 0.6935539746454876, "support": 8881.0}, "weighted avg": {"precision": 0.7874901234822963, "recall": 0.7872987276207635, "f1-score": 0.7873941518399972, "support": 8881.0}}, "best_threshold": 0.5328648850780107, "best_f1": 0.5288994457640538}
{"experiment_name": "Baseline Random Forest", "parameters": {"n_estimators": 100, "max_depth": null, "class_weight": "balanced"}, "roc_auc": 0.7519235666293057, "classification_report": {"0": {"precision": 0.8495817907582613, "recall": 0.8981011740832004, "f1-score": 0.8731679819616686, "support": 6899.0}, "1": {"precision": 0.5573047858942065, "recall": 0.446518668012109, "f1-score": 0.4957983193277311, "support": 1982.0}, "accuracy": 0.7973201216079271, "macro avg": {"precision": 0.7034432883262339, "recall": 0.6723099210476547, "f1-score": 0.6844831506446998, "support": 8881.0}, "weighted avg": {"precision": 0.7843534354333479, "recall": 0.7973201216079271, "f1-score": 0.7889492372999791, "support": 8881.0}}, "best_threshold": null, "best_f1": null}
